id,name,co_code,state_id/id,country_id/id
05001,MEDELLÍN,05001,base.state_co_01,base.co
05002,ABEJORRAL,05002,base.state_co_01,base.co
05004,ABRIAQUÍ,05004,base.state_co_01,base.co
05021,ALEJANDRÍA,05021,base.state_co_01,base.co
05030,AMAGÁ,05030,base.state_co_01,base.co
05031,AMALFI,05031,base.state_co_01,base.co
05034,ANDES,05034,base.state_co_01,base.co
05036,ANGELÓPOLIS,05036,base.state_co_01,base.co
05038,ANGOSTURA,05038,base.state_co_01,base.co
05040,ANORÍ,05040,base.state_co_01,base.co
05042,SANTA FÉ DE ANTIOQUIA,05042,base.state_co_01,base.co
05044,ANZÁ,05044,base.state_co_01,base.co
05045,APARTADÓ,05045,base.state_co_01,base.co
05051,ARBOLETES,05051,base.state_co_01,base.co
05055,ARGELIA,05055,base.state_co_01,base.co
05059,ARMENIA,05059,base.state_co_01,base.co
05079,BARBOSA,05079,base.state_co_01,base.co
05086,BELMIRA,05086,base.state_co_01,base.co
05088,BELLO,05088,base.state_co_01,base.co
05091,BETANIA,05091,base.state_co_01,base.co
05093,BETULIA,05093,base.state_co_01,base.co
05101,CIUDAD BOLÍVAR,05101,base.state_co_01,base.co
05107,BRICEÑO,05107,base.state_co_01,base.co
05113,BURITICÁ,05113,base.state_co_01,base.co
05120,CÁCERES,05120,base.state_co_01,base.co
05125,CAICEDO,05125,base.state_co_01,base.co
05129,CALDAS,05129,base.state_co_01,base.co
05134,CAMPAMENTO,05134,base.state_co_01,base.co
05138,CAÑASGORDAS,05138,base.state_co_01,base.co
05142,CARACOLÍ,05142,base.state_co_01,base.co
05145,CARAMANTA,05145,base.state_co_01,base.co
05147,CAREPA,05147,base.state_co_01,base.co
05148,EL CARMEN DE VIBORAL,05148,base.state_co_01,base.co
05150,CAROLINA,05150,base.state_co_01,base.co
05154,CAUCASIA,05154,base.state_co_01,base.co
05172,CHIGORODÓ,05172,base.state_co_01,base.co
05190,CISNEROS,05190,base.state_co_01,base.co
05197,COCORNÁ,05197,base.state_co_01,base.co
05206,CONCEPCIÓN,05206,base.state_co_01,base.co
05209,CONCORDIA,05209,base.state_co_01,base.co
05212,COPACABANA,05212,base.state_co_01,base.co
05234,DABEIBA,05234,base.state_co_01,base.co
05237,DONMATÍAS,05237,base.state_co_01,base.co
05240,EBÉJICO,05240,base.state_co_01,base.co
05250,EL BAGRE,05250,base.state_co_01,base.co
05264,ENTRERRÍOS,05264,base.state_co_01,base.co
05266,ENVIGADO,05266,base.state_co_01,base.co
05282,FREDONIA,05282,base.state_co_01,base.co
05284,FRONTINO,05284,base.state_co_01,base.co
05306,GIRALDO,05306,base.state_co_01,base.co
05308,GIRARDOTA,05308,base.state_co_01,base.co
05310,GÓMEZ PLATA,05310,base.state_co_01,base.co
05313,GRANADA,05313,base.state_co_01,base.co
05315,GUADALUPE,05315,base.state_co_01,base.co
05318,GUARNE,05318,base.state_co_01,base.co
05321,GUATAPÉ,05321,base.state_co_01,base.co
05347,HELICONIA,05347,base.state_co_01,base.co
05353,HISPANIA,05353,base.state_co_01,base.co
05360,ITAGÜÍ,05360,base.state_co_01,base.co
05361,ITUANGO,05361,base.state_co_01,base.co
05364,JARDÍN,05364,base.state_co_01,base.co
05368,JERICÓ,05368,base.state_co_01,base.co
05376,LA CEJA,05376,base.state_co_01,base.co
05380,LA ESTRELLA,05380,base.state_co_01,base.co
05390,LA PINTADA,05390,base.state_co_01,base.co
05400,LA UNIÓN,05400,base.state_co_01,base.co
05411,LIBORINA,05411,base.state_co_01,base.co
05425,MACEO,05425,base.state_co_01,base.co
05440,MARINILLA,05440,base.state_co_01,base.co
05467,MONTEBELLO,05467,base.state_co_01,base.co
05475,MURINDÓ,05475,base.state_co_01,base.co
05480,MUTATÁ,05480,base.state_co_01,base.co
05483,NARIÑO,05483,base.state_co_01,base.co
05490,NECOCLÍ,05490,base.state_co_01,base.co
05495,NECHÍ,05495,base.state_co_01,base.co
05501,OLAYA,05501,base.state_co_01,base.co
05541,PEÑOL,05541,base.state_co_01,base.co
05543,PEQUE,05543,base.state_co_01,base.co
05576,PUEBLORRICO,05576,base.state_co_01,base.co
05579,PUERTO BERRÍO,05579,base.state_co_01,base.co
05585,PUERTO NARE,05585,base.state_co_01,base.co
05591,PUERTO TRIUNFO,05591,base.state_co_01,base.co
05604,REMEDIOS,05604,base.state_co_01,base.co
05607,RETIRO,05607,base.state_co_01,base.co
05615,RIONEGRO,05615,base.state_co_01,base.co
05628,SABANALARGA,05628,base.state_co_01,base.co
05631,SABANETA,05631,base.state_co_01,base.co
05642,SALGAR,05642,base.state_co_01,base.co
05647,SAN ANDRÉS DE CUERQUÍA,05647,base.state_co_01,base.co
05649,SAN CARLOS,05649,base.state_co_01,base.co
05652,SAN FRANCISCO,05652,base.state_co_01,base.co
05656,SAN JERÓNIMO,05656,base.state_co_01,base.co
05658,SAN JOSÉ DE LA MONTAÑA,05658,base.state_co_01,base.co
05659,SAN JUAN DE URABÁ,05659,base.state_co_01,base.co
05660,SAN LUIS,05660,base.state_co_01,base.co
05664,SAN PEDRO DE LOS MILAGROS,05664,base.state_co_01,base.co
05665,SAN PEDRO DE URABÁ,05665,base.state_co_01,base.co
05667,SAN RAFAEL,05667,base.state_co_01,base.co
05670,SAN ROQUE,05670,base.state_co_01,base.co
05674,SAN VICENTE FERRER,05674,base.state_co_01,base.co
05679,SANTA BÁRBARA,05679,base.state_co_01,base.co
05686,SANTA ROSA DE OSOS,05686,base.state_co_01,base.co
05690,SANTO DOMINGO,05690,base.state_co_01,base.co
05697,EL SANTUARIO,05697,base.state_co_01,base.co
05736,SEGOVIA,05736,base.state_co_01,base.co
05756,SONSÓN,05756,base.state_co_01,base.co
05761,SOPETRÁN,05761,base.state_co_01,base.co
05789,TÁMESIS,05789,base.state_co_01,base.co
05790,TARAZÁ,05790,base.state_co_01,base.co
05792,TARSO,05792,base.state_co_01,base.co
05809,TITIRIBÍ,05809,base.state_co_01,base.co
05819,TOLEDO,05819,base.state_co_01,base.co
05837,TURBO,05837,base.state_co_01,base.co
05842,URAMITA,05842,base.state_co_01,base.co
05847,URRAO,05847,base.state_co_01,base.co
05854,VALDIVIA,05854,base.state_co_01,base.co
05856,VALPARAÍSO,05856,base.state_co_01,base.co
05858,VEGACHÍ,05858,base.state_co_01,base.co
05861,VENECIA,05861,base.state_co_01,base.co
05873,VIGÍA DEL FUERTE,05873,base.state_co_01,base.co
05885,YALÍ,05885,base.state_co_01,base.co
05887,YARUMAL,05887,base.state_co_01,base.co
05890,YOLOMBÓ,05890,base.state_co_01,base.co
05893,YONDÓ,05893,base.state_co_01,base.co
05895,ZARAGOZA,05895,base.state_co_01,base.co
05861,VENECIA,05861,base.state_co_01,base.co
08001,BARRANQUILLA,08001,base.state_co_02,base.co
08078,BARANOA,08078,base.state_co_02,base.co
08137,CAMPO DE LA CRUZ,08137,base.state_co_02,base.co
08141,CANDELARIA,08141,base.state_co_02,base.co
08296,GALAPA,08296,base.state_co_02,base.co
08372,JUAN DE ACOSTA,08372,base.state_co_02,base.co
08421,LURUACO,08421,base.state_co_02,base.co
08433,MALAMBO,08433,base.state_co_02,base.co
08436,MANATÍ,08436,base.state_co_02,base.co
08520,PALMAR DE VARELA,08520,base.state_co_02,base.co
08549,PIOJÓ,08549,base.state_co_02,base.co
08558,POLONUEVO,08558,base.state_co_02,base.co
08560,PONEDERA,08560,base.state_co_02,base.co
08573,PUERTO COLOMBIA,08573,base.state_co_02,base.co
08606,REPELÓN,08606,base.state_co_02,base.co
08634,SABANAGRANDE,08634,base.state_co_02,base.co
08638,SABANALARGA,08638,base.state_co_02,base.co
08675,SANTA LUCÍA,08675,base.state_co_02,base.co
08685,SANTO TOMÁS,08685,base.state_co_02,base.co
08758,SOLEDAD,08758,base.state_co_02,base.co
08770,SUAN,08770,base.state_co_02,base.co
08832,TUBARÁ,08832,base.state_co_02,base.co
08849,USIACURÍ,08849,base.state_co_02,base.co
11001,"BOGOTÁ, D.C.",11001,base.state_co_03,base.co
13001,CARTAGENA DE INDIAS,13001,base.state_co_04,base.co
13006,ACHÍ,13006,base.state_co_04,base.co
13030,ALTOS DEL ROSARIO,13030,base.state_co_04,base.co
13042,ARENAL,13042,base.state_co_04,base.co
13052,ARJONA,13052,base.state_co_04,base.co
13062,ARROYOHONDO,13062,base.state_co_04,base.co
13074,BARRANCO DE LOBA,13074,base.state_co_04,base.co
13140,CALAMAR,13140,base.state_co_04,base.co
13160,CANTAGALLO,13160,base.state_co_04,base.co
13188,CICUCO,13188,base.state_co_04,base.co
13212,CÓRDOBA,13212,base.state_co_04,base.co
13222,CLEMENCIA,13222,base.state_co_04,base.co
13244,EL CARMEN DE BOLÍVAR,13244,base.state_co_04,base.co
13248,EL GUAMO,13248,base.state_co_04,base.co
13268,EL PEÑÓN,13268,base.state_co_04,base.co
13300,HATILLO DE LOBA,13300,base.state_co_04,base.co
13430,MAGANGUÉ,13430,base.state_co_04,base.co
13433,MAHATES,13433,base.state_co_04,base.co
13440,MARGARITA,13440,base.state_co_04,base.co
13442,MARÍA LA BAJA,13442,base.state_co_04,base.co
13458,MONTECRISTO,13458,base.state_co_04,base.co
13468,MOMPÓS,13468,base.state_co_04,base.co
13473,MORALES,13473,base.state_co_04,base.co
13490,NOROSÍ,13490,base.state_co_04,base.co
13549,PINILLOS,13549,base.state_co_04,base.co
13580,REGIDOR,13580,base.state_co_04,base.co
13600,RÍO VIEJO,13600,base.state_co_04,base.co
13620,SAN CRISTÓBAL,13620,base.state_co_04,base.co
13647,SAN ESTANISLAO,13647,base.state_co_04,base.co
13650,SAN FERNANDO,13650,base.state_co_04,base.co
13654,SAN JACINTO,13654,base.state_co_04,base.co
13655,SAN JACINTO DEL CAUCA,13655,base.state_co_04,base.co
13657,SAN JUAN NEPOMUCENO,13657,base.state_co_04,base.co
13667,SAN MARTÍN DE LOBA,13667,base.state_co_04,base.co
13670,SAN PABLO SUR,13670,base.state_co_04,base.co
13673,SANTA CATALINA,13673,base.state_co_04,base.co
13683,SANTA ROSA DE LIMA,13683,base.state_co_04,base.co
13688,SANTA ROSA DEL SUR,13688,base.state_co_04,base.co
13744,SIMITÍ,13744,base.state_co_04,base.co
13760,SOPLAVIENTO,13760,base.state_co_04,base.co
13780,TALAIGUA NUEVO,13780,base.state_co_04,base.co
13810,TIQUISIO,13810,base.state_co_04,base.co
13836,TURBACO,13836,base.state_co_04,base.co
13838,TURBANÁ,13838,base.state_co_04,base.co
13873,VILLANUEVA,13873,base.state_co_04,base.co
13894,ZAMBRANO,13894,base.state_co_04,base.co
15001,TUNJA,15001,base.state_co_05,base.co
15022,ALMEIDA,15022,base.state_co_05,base.co
15047,AQUITANIA,15047,base.state_co_05,base.co
15051,ARCABUCO,15051,base.state_co_05,base.co
15087,BELÉN,15087,base.state_co_05,base.co
15090,BERBEO,15090,base.state_co_05,base.co
15092,BETÉITIVA,15092,base.state_co_05,base.co
15097,BOAVITA,15097,base.state_co_05,base.co
15104,BOYACÁ,15104,base.state_co_05,base.co
15106,BRICEÑO,15106,base.state_co_05,base.co
15109,BUENAVISTA,15109,base.state_co_05,base.co
15114,BUSBANZÁ,15114,base.state_co_05,base.co
15131,CALDAS,15131,base.state_co_05,base.co
15135,CAMPOHERMOSO,15135,base.state_co_05,base.co
15162,CERINZA,15162,base.state_co_05,base.co
15172,CHINAVITA,15172,base.state_co_05,base.co
15176,CHIQUINQUIRÁ,15176,base.state_co_05,base.co
15180,CHISCAS,15180,base.state_co_05,base.co
15183,CHITA,15183,base.state_co_05,base.co
15185,CHITARAQUE,15185,base.state_co_05,base.co
15187,CHIVATÁ,15187,base.state_co_05,base.co
15189,CIÉNEGA,15189,base.state_co_05,base.co
15204,CÓMBITA,15204,base.state_co_05,base.co
15212,COPER,15212,base.state_co_05,base.co
15215,CORRALES,15215,base.state_co_05,base.co
15218,COVARACHÍA,15218,base.state_co_05,base.co
15223,CUBARÁ,15223,base.state_co_05,base.co
15224,CUCAITA,15224,base.state_co_05,base.co
15226,CUÍTIVA,15226,base.state_co_05,base.co
15232,CHÍQUIZA,15232,base.state_co_05,base.co
15236,CHIVOR,15236,base.state_co_05,base.co
15238,DUITAMA,15238,base.state_co_05,base.co
15244,EL COCUY,15244,base.state_co_05,base.co
15248,EL ESPINO,15248,base.state_co_05,base.co
15272,FIRAVITOBA,15272,base.state_co_05,base.co
15276,FLORESTA,15276,base.state_co_05,base.co
15293,GACHANTIVÁ,15293,base.state_co_05,base.co
15296,GÁMEZA,15296,base.state_co_05,base.co
15299,GARAGOA,15299,base.state_co_05,base.co
15317,GUACAMAYAS,15317,base.state_co_05,base.co
15322,GUATEQUE,15322,base.state_co_05,base.co
15325,GUAYATÁ,15325,base.state_co_05,base.co
15332,GÜICÁN DE LA SIERRA,15332,base.state_co_05,base.co
15362,IZA,15362,base.state_co_05,base.co
15367,JENESANO,15367,base.state_co_05,base.co
15368,JERICÓ,15368,base.state_co_05,base.co
15377,LABRANZAGRANDE,15377,base.state_co_05,base.co
15380,LA CAPILLA,15380,base.state_co_05,base.co
15401,LA VICTORIA,15401,base.state_co_05,base.co
15403,LA UVITA,15403,base.state_co_05,base.co
15407,VILLA DE LEYVA,15407,base.state_co_05,base.co
15425,MACANAL,15425,base.state_co_05,base.co
15442,MARIPÍ,15442,base.state_co_05,base.co
15455,MIRAFLORES,15455,base.state_co_05,base.co
15464,MONGUA,15464,base.state_co_05,base.co
15466,MONGUÍ,15466,base.state_co_05,base.co
15469,MONIQUIRÁ,15469,base.state_co_05,base.co
15476,MOTAVITA,15476,base.state_co_05,base.co
15480,MUZO,15480,base.state_co_05,base.co
15491,NOBSA,15491,base.state_co_05,base.co
15494,NUEVO COLÓN,15494,base.state_co_05,base.co
15500,OICATÁ,15500,base.state_co_05,base.co
15507,OTANCHE,15507,base.state_co_05,base.co
15511,PACHAVITA,15511,base.state_co_05,base.co
15514,PÁEZ,15514,base.state_co_05,base.co
15516,PAIPA,15516,base.state_co_05,base.co
15518,PAJARITO,15518,base.state_co_05,base.co
15522,PANQUEBA,15522,base.state_co_05,base.co
15531,PAUNA,15531,base.state_co_05,base.co
15533,PAYA,15533,base.state_co_05,base.co
15537,PAZ DE RÍO,15537,base.state_co_05,base.co
15542,PESCA,15542,base.state_co_05,base.co
15550,PISBA,15550,base.state_co_05,base.co
15572,PUERTO BOYACÁ,15572,base.state_co_05,base.co
15580,QUÍPAMA,15580,base.state_co_05,base.co
15599,RAMIRIQUÍ,15599,base.state_co_05,base.co
15600,RÁQUIRA,15600,base.state_co_05,base.co
15621,RONDÓN,15621,base.state_co_05,base.co
15632,SABOYÁ,15632,base.state_co_05,base.co
15638,SÁCHICA,15638,base.state_co_05,base.co
15646,SAMACÁ,15646,base.state_co_05,base.co
15660,SAN EDUARDO,15660,base.state_co_05,base.co
15664,SAN JOSÉ DE PARE,15664,base.state_co_05,base.co
15667,SAN LUIS DE GACENO,15667,base.state_co_05,base.co
15673,SAN MATEO,15673,base.state_co_05,base.co
15676,SAN MIGUEL DE SEMA,15676,base.state_co_05,base.co
15681,SAN PABLO DE BORBUR,15681,base.state_co_05,base.co
15686,SANTANA,15686,base.state_co_05,base.co
15690,SANTA MARÍA,15690,base.state_co_05,base.co
15693,SANTA ROSA DE VITERBO,15693,base.state_co_05,base.co
15696,SANTA SOFÍA,15696,base.state_co_05,base.co
15720,SATIVANORTE,15720,base.state_co_05,base.co
15723,SATIVASUR,15723,base.state_co_05,base.co
15740,SIACHOQUE,15740,base.state_co_05,base.co
15753,SOATÁ,15753,base.state_co_05,base.co
15755,SOCOTÁ,15755,base.state_co_05,base.co
15757,SOCHA,15757,base.state_co_05,base.co
15759,SOGAMOSO,15759,base.state_co_05,base.co
15761,SOMONDOCO,15761,base.state_co_05,base.co
15762,SORA,15762,base.state_co_05,base.co
15763,SOTAQUIRÁ,15763,base.state_co_05,base.co
15764,SORACÁ,15764,base.state_co_05,base.co
15774,SUSACÓN,15774,base.state_co_05,base.co
15776,SUTAMARCHÁN,15776,base.state_co_05,base.co
15778,SUTATENZA,15778,base.state_co_05,base.co
15790,TASCO,15790,base.state_co_05,base.co
15798,TENZA,15798,base.state_co_05,base.co
15804,TIBANÁ,15804,base.state_co_05,base.co
15806,TIBASOSA,15806,base.state_co_05,base.co
15808,TINJACÁ,15808,base.state_co_05,base.co
15810,TIPACOQUE,15810,base.state_co_05,base.co
15814,TOCA,15814,base.state_co_05,base.co
15816,TOGÜÍ,15816,base.state_co_05,base.co
15820,TÓPAGA,15820,base.state_co_05,base.co
15822,TOTA,15822,base.state_co_05,base.co
15832,TUNUNGUÁ,15832,base.state_co_05,base.co
15835,TURMEQUÉ,15835,base.state_co_05,base.co
15837,TUTA,15837,base.state_co_05,base.co
15839,TUTAZÁ,15839,base.state_co_05,base.co
15842,ÚMBITA,15842,base.state_co_05,base.co
15861,VENTAQUEMADA,15861,base.state_co_05,base.co
15879,VIRACACHÁ,15879,base.state_co_05,base.co
15897,ZETAQUIRA,15897,base.state_co_05,base.co
17001,MANIZALES,17001,base.state_co_06,base.co
17013,AGUADAS,17013,base.state_co_06,base.co
17042,ANSERMA,17042,base.state_co_06,base.co
17050,ARANZAZU,17050,base.state_co_06,base.co
17088,BELALCÁZAR,17088,base.state_co_06,base.co
17174,CHINCHINÁ,17174,base.state_co_06,base.co
17272,FILADELFIA,17272,base.state_co_06,base.co
17380,LA DORADA,17380,base.state_co_06,base.co
17388,LA MERCED,17388,base.state_co_06,base.co
17433,MANZANARES,17433,base.state_co_06,base.co
17442,MARMATO,17442,base.state_co_06,base.co
17444,MARQUETALIA,17444,base.state_co_06,base.co
17446,MARULANDA,17446,base.state_co_06,base.co
17486,NEIRA,17486,base.state_co_06,base.co
17495,NORCASIA,17495,base.state_co_06,base.co
17513,PÁCORA,17513,base.state_co_06,base.co
17524,PALESTINA,17524,base.state_co_06,base.co
17541,PENSILVANIA,17541,base.state_co_06,base.co
17614,RIOSUCIO,17614,base.state_co_06,base.co
17616,RISARALDA,17616,base.state_co_06,base.co
17653,SALAMINA,17653,base.state_co_06,base.co
17662,SAMANÁ,17662,base.state_co_06,base.co
17665,SAN JOSÉ,17665,base.state_co_06,base.co
17777,SUPÍA,17777,base.state_co_06,base.co
17867,VICTORIA,17867,base.state_co_06,base.co
17873,VILLAMARÍA,17873,base.state_co_06,base.co
17877,VITERBO,17877,base.state_co_06,base.co
18001,FLORENCIA,18001,base.state_co_07,base.co
18029,ALBANIA,18029,base.state_co_07,base.co
18094,BELÉN DE LOS ANDAQUÍES,18094,base.state_co_07,base.co
18150,CARTAGENA DEL CHAIRÁ,18150,base.state_co_07,base.co
18205,CURILLO,18205,base.state_co_07,base.co
18247,EL DONCELLO,18247,base.state_co_07,base.co
18256,EL PAUJÍL,18256,base.state_co_07,base.co
18410,LA MONTAÑITA,18410,base.state_co_07,base.co
18460,MILÁN,18460,base.state_co_07,base.co
18479,MORELIA,18479,base.state_co_07,base.co
18592,PUERTO RICO,18592,base.state_co_07,base.co
18610,SAN JOSÉ DEL FRAGUA,18610,base.state_co_07,base.co
18753,SAN VICENTE DEL CAGUÁN,18753,base.state_co_07,base.co
18756,SOLANO,18756,base.state_co_07,base.co
18785,SOLITA,18785,base.state_co_07,base.co
18860,VALPARAÍSO,18860,base.state_co_07,base.co
19001,POPAYÁN,19001,base.state_co_08,base.co
19022,ALMAGUER,19022,base.state_co_08,base.co
19050,ARGELIA,19050,base.state_co_08,base.co
19075,BALBOA,19075,base.state_co_08,base.co
19100,BOLÍVAR,19100,base.state_co_08,base.co
19110,BUENOS AIRES,19110,base.state_co_08,base.co
19130,CAJIBÍO,19130,base.state_co_08,base.co
19137,CALDONO,19137,base.state_co_08,base.co
19142,CALOTO,19142,base.state_co_08,base.co
19212,CORINTO,19212,base.state_co_08,base.co
19256,EL TAMBO,19256,base.state_co_08,base.co
19290,FLORENCIA,19290,base.state_co_08,base.co
19300,GUACHENÉ,19300,base.state_co_08,base.co
19318,GUAPÍ,19318,base.state_co_08,base.co
19355,INZÁ,19355,base.state_co_08,base.co
19364,JAMBALÓ,19364,base.state_co_08,base.co
19392,LA SIERRA,19392,base.state_co_08,base.co
19397,LA VEGA,19397,base.state_co_08,base.co
19418,LÓPEZ DE MICAY,19418,base.state_co_08,base.co
19450,MERCADERES,19450,base.state_co_08,base.co
19455,MIRANDA,19455,base.state_co_08,base.co
19473,MORALES,19473,base.state_co_08,base.co
19513,PADILLA,19513,base.state_co_08,base.co
19517,PÁEZ - BELALCAZAR,19517,base.state_co_08,base.co
19532,PATÍA – EL BORDO,19532,base.state_co_08,base.co
19533,PIAMONTE,19533,base.state_co_08,base.co
19548,PIENDAMÓ – TUNÍA,19548,base.state_co_08,base.co
19573,PUERTO TEJADA,19573,base.state_co_08,base.co
19585,PURACÉ - COCONUCO,19585,base.state_co_08,base.co
19622,ROSAS,19622,base.state_co_08,base.co
19693,SAN SEBASTIÁN,19693,base.state_co_08,base.co
19698,SANTANDER DE QUILICHAO,19698,base.state_co_08,base.co
19701,SANTA ROSA,19701,base.state_co_08,base.co
19743,SILVIA,19743,base.state_co_08,base.co
19760,SOTARA,19760,base.state_co_08,base.co
19780,SUÁREZ,19780,base.state_co_08,base.co
19785,SUCRE,19785,base.state_co_08,base.co
19807,TIMBÍO,19807,base.state_co_08,base.co
19809,TIMBIQUÍ,19809,base.state_co_08,base.co
19821,TORIBÍO,19821,base.state_co_08,base.co
19824,TOTORÓ,19824,base.state_co_08,base.co
19845,VILLA RICA,19845,base.state_co_08,base.co
20001,VALLEDUPAR,20001,base.state_co_09,base.co
20011,AGUACHICA,20011,base.state_co_09,base.co
20013,AGUSTÍN CODAZZI,20013,base.state_co_09,base.co
20032,ASTREA,20032,base.state_co_09,base.co
20045,BECERRIL,20045,base.state_co_09,base.co
20060,BOSCONIA,20060,base.state_co_09,base.co
20175,CHIMICHAGUA,20175,base.state_co_09,base.co
20178,CHIRIGUANÁ,20178,base.state_co_09,base.co
20228,CURUMANÍ,20228,base.state_co_09,base.co
20238,EL COPEY,20238,base.state_co_09,base.co
20250,EL PASO,20250,base.state_co_09,base.co
20295,GAMARRA,20295,base.state_co_09,base.co
20310,GONZÁLEZ,20310,base.state_co_09,base.co
20383,LA GLORIA,20383,base.state_co_09,base.co
20400,LA JAGUA DE IBIRICO,20400,base.state_co_09,base.co
20443,MANAURE BALCÓN DEL CESAR,20443,base.state_co_09,base.co
20517,PAILITAS,20517,base.state_co_09,base.co
20550,PELAYA,20550,base.state_co_09,base.co
20570,PUEBLO BELLO,20570,base.state_co_09,base.co
20614,RÍO DE ORO,20614,base.state_co_09,base.co
20621,LA PAZ,20621,base.state_co_09,base.co
20710,SAN ALBERTO,20710,base.state_co_09,base.co
20750,SAN DIEGO,20750,base.state_co_09,base.co
20770,SAN MARTÍN,20770,base.state_co_09,base.co
20787,TAMALAMEQUE,20787,base.state_co_09,base.co
23001,MONTERÍA,23001,base.state_co_10,base.co
23068,AYAPEL,23068,base.state_co_10,base.co
23079,BUENAVISTA,23079,base.state_co_10,base.co
23090,CANALETE,23090,base.state_co_10,base.co
23162,CERETÉ,23162,base.state_co_10,base.co
23168,CHIMÁ,23168,base.state_co_10,base.co
23182,CHINÚ,23182,base.state_co_10,base.co
23189,CIÉNAGA DE ORO,23189,base.state_co_10,base.co
23300,COTORRA,23300,base.state_co_10,base.co
23350,LA APARTADA,23350,base.state_co_10,base.co
23417,LORICA,23417,base.state_co_10,base.co
23419,LOS CÓRDOBAS,23419,base.state_co_10,base.co
23464,MOMIL,23464,base.state_co_10,base.co
23466,MONTELÍBANO,23466,base.state_co_10,base.co
23500,MOÑITOS,23500,base.state_co_10,base.co
23555,PLANETA RICA,23555,base.state_co_10,base.co
23570,PUEBLO NUEVO,23570,base.state_co_10,base.co
23574,PUERTO ESCONDIDO,23574,base.state_co_10,base.co
23580,PUERTO LIBERTADOR,23580,base.state_co_10,base.co
23586,PURÍSIMA DE LA CONCEPCIÓN,23586,base.state_co_10,base.co
23660,SAHAGÚN,23660,base.state_co_10,base.co
23670,SAN ANDRÉS DE SOTAVENTO,23670,base.state_co_10,base.co
23672,SAN ANTERO,23672,base.state_co_10,base.co
23675,SAN BERNARDO DEL VIENTO,23675,base.state_co_10,base.co
23678,SAN CARLOS,23678,base.state_co_10,base.co
23682,SAN JOSÉ DE URÉ,23682,base.state_co_10,base.co
23686,SAN PELAYO,23686,base.state_co_10,base.co
23807,TIERRALTA,23807,base.state_co_10,base.co
23815,TUCHÍN,23815,base.state_co_10,base.co
23855,VALENCIA,23855,base.state_co_10,base.co
25001,AGUA DE DIOS,25001,base.state_co_11,base.co
25019,ALBÁN,25019,base.state_co_11,base.co
25035,ANAPOIMA,25035,base.state_co_11,base.co
25040,ANOLAIMA,25040,base.state_co_11,base.co
25053,ARBELÁEZ,25053,base.state_co_11,base.co
25086,BELTRÁN,25086,base.state_co_11,base.co
25095,BITUIMA,25095,base.state_co_11,base.co
25099,BOJACÁ,25099,base.state_co_11,base.co
25120,CABRERA,25120,base.state_co_11,base.co
25123,CACHIPAY,25123,base.state_co_11,base.co
25126,CAJICÁ,25126,base.state_co_11,base.co
25148,CAPARRAPÍ,25148,base.state_co_11,base.co
25151,CÁQUEZA,25151,base.state_co_11,base.co
25154,CARMEN DE CARUPA,25154,base.state_co_11,base.co
25168,CHAGUANÍ,25168,base.state_co_11,base.co
25175,CHÍA,25175,base.state_co_11,base.co
25178,CHIPAQUE,25178,base.state_co_11,base.co
25181,CHOACHÍ,25181,base.state_co_11,base.co
25183,CHOCONTÁ,25183,base.state_co_11,base.co
25200,COGUA,25200,base.state_co_11,base.co
25214,COTA,25214,base.state_co_11,base.co
25224,CUCUNUBÁ,25224,base.state_co_11,base.co
25245,EL COLEGIO,25245,base.state_co_11,base.co
25258,EL PEÑÓN,25258,base.state_co_11,base.co
25260,EL ROSAL,25260,base.state_co_11,base.co
25269,FACATATIVÁ,25269,base.state_co_11,base.co
25279,FÓMEQUE,25279,base.state_co_11,base.co
25281,FOSCA,25281,base.state_co_11,base.co
25286,FUNZA,25286,base.state_co_11,base.co
25288,FÚQUENE,25288,base.state_co_11,base.co
25290,FUSAGASUGÁ,25290,base.state_co_11,base.co
25293,GACHALÁ,25293,base.state_co_11,base.co
25295,GACHANCIPÁ,25295,base.state_co_11,base.co
25297,GACHETÁ,25297,base.state_co_11,base.co
25299,GAMA,25299,base.state_co_11,base.co
25307,GIRARDOT,25307,base.state_co_11,base.co
25312,GRANADA,25312,base.state_co_11,base.co
25317,GUACHETÁ,25317,base.state_co_11,base.co
25320,GUADUAS,25320,base.state_co_11,base.co
25322,GUASCA,25322,base.state_co_11,base.co
25324,GUATAQUÍ,25324,base.state_co_11,base.co
25326,GUATAVITA,25326,base.state_co_11,base.co
25328,GUAYABAL DE SÍQUIMA,25328,base.state_co_11,base.co
25335,GUAYABETAL,25335,base.state_co_11,base.co
25339,GUTIÉRREZ,25339,base.state_co_11,base.co
25368,JERUSALÉN,25368,base.state_co_11,base.co
25372,JUNÍN,25372,base.state_co_11,base.co
25377,LA CALERA,25377,base.state_co_11,base.co
25386,LA MESA,25386,base.state_co_11,base.co
25394,LA PALMA,25394,base.state_co_11,base.co
25398,LA PEÑA,25398,base.state_co_11,base.co
25402,LA VEGA,25402,base.state_co_11,base.co
25407,LENGUAZAQUE,25407,base.state_co_11,base.co
25426,MACHETÁ,25426,base.state_co_11,base.co
25430,MADRID,25430,base.state_co_11,base.co
25436,MANTA,25436,base.state_co_11,base.co
25438,MEDINA,25438,base.state_co_11,base.co
25473,MOSQUERA,25473,base.state_co_11,base.co
25483,NARIÑO,25483,base.state_co_11,base.co
25486,NEMOCÓN,25486,base.state_co_11,base.co
25488,NILO,25488,base.state_co_11,base.co
25489,NIMAIMA,25489,base.state_co_11,base.co
25491,NOCAIMA,25491,base.state_co_11,base.co
25506,VENECIA,25506,base.state_co_11,base.co
25513,PACHO,25513,base.state_co_11,base.co
25518,PAIME,25518,base.state_co_11,base.co
25524,PANDI,25524,base.state_co_11,base.co
25530,PARATEBUENO,25530,base.state_co_11,base.co
25535,PASCA,25535,base.state_co_11,base.co
25572,PUERTO SALGAR,25572,base.state_co_11,base.co
25580,PULÍ,25580,base.state_co_11,base.co
25592,QUEBRADANEGRA,25592,base.state_co_11,base.co
25594,QUETAME,25594,base.state_co_11,base.co
25596,QUIPILE,25596,base.state_co_11,base.co
25599,APULO,25599,base.state_co_11,base.co
25612,RICAURTE,25612,base.state_co_11,base.co
25645,SAN ANTONIO DEL TEQUENDAMA,25645,base.state_co_11,base.co
25649,SAN BERNARDO,25649,base.state_co_11,base.co
25653,SAN CAYETANO,25653,base.state_co_11,base.co
25658,SAN FRANCISCO,25658,base.state_co_11,base.co
25662,SAN JUAN DE RIOSECO,25662,base.state_co_11,base.co
25718,SASAIMA,25718,base.state_co_11,base.co
25736,SESQUILÉ,25736,base.state_co_11,base.co
25740,SIBATÉ,25740,base.state_co_11,base.co
25743,SILVANIA,25743,base.state_co_11,base.co
25745,SIMIJACA,25745,base.state_co_11,base.co
25754,SOACHA,25754,base.state_co_11,base.co
25758,SOPÓ,25758,base.state_co_11,base.co
25769,SUBACHOQUE,25769,base.state_co_11,base.co
25772,SUESCA,25772,base.state_co_11,base.co
25777,SUPATÁ,25777,base.state_co_11,base.co
25779,SUSA,25779,base.state_co_11,base.co
25781,SUTATAUSA,25781,base.state_co_11,base.co
25785,TABIO,25785,base.state_co_11,base.co
25793,TAUSA,25793,base.state_co_11,base.co
25797,TENA,25797,base.state_co_11,base.co
25799,TENJO,25799,base.state_co_11,base.co
25805,TIBACUY,25805,base.state_co_11,base.co
25807,TIBIRITA,25807,base.state_co_11,base.co
25815,TOCAIMA,25815,base.state_co_11,base.co
25817,TOCANCIPÁ,25817,base.state_co_11,base.co
25823,TOPAIPÍ,25823,base.state_co_11,base.co
25839,UBALÁ,25839,base.state_co_11,base.co
25841,UBAQUE,25841,base.state_co_11,base.co
25843,VILLA DE SAN DIEGO DE UBATÉ,25843,base.state_co_11,base.co
25845,UNE,25845,base.state_co_11,base.co
25851,ÚTICA,25851,base.state_co_11,base.co
25862,VERGARA,25862,base.state_co_11,base.co
25867,VIANÍ,25867,base.state_co_11,base.co
25871,VILLAGÓMEZ,25871,base.state_co_11,base.co
25873,VILLAPINZÓN,25873,base.state_co_11,base.co
25875,VILLETA,25875,base.state_co_11,base.co
25878,VIOTÁ,25878,base.state_co_11,base.co
25885,YACOPÍ,25885,base.state_co_11,base.co
25898,ZIPACÓN,25898,base.state_co_11,base.co
25899,ZIPAQUIRÁ,25899,base.state_co_11,base.co
27001,QUIBDÓ,27001,base.state_co_12,base.co
27006,ACANDÍ,27006,base.state_co_12,base.co
27025,ALTO BAUDÓ (PIE DE PATÓ),27025,base.state_co_12,base.co
27050,ATRATO (YUTO),27050,base.state_co_12,base.co
27073,BAGADÓ,27073,base.state_co_12,base.co
27075,BAHÍA SOLANO (MUTIS),27075,base.state_co_12,base.co
27077,BAJO BAUDÓ (PIZARRO),27077,base.state_co_12,base.co
27099,BOJAYÁ (BELLA VISTA),27099,base.state_co_12,base.co
27135,EL CANTÓN DEL SAN PABLO,27135,base.state_co_12,base.co
27150,CARMEN DEL DARIÉN,27150,base.state_co_12,base.co
27160,CÉRTEGUI,27160,base.state_co_12,base.co
27205,CONDOTO,27205,base.state_co_12,base.co
27245,EL CARMEN DE ATRATO,27245,base.state_co_12,base.co
27250,EL LITORAL DEL SAN JUAN,27250,base.state_co_12,base.co
27361,ISTMINA,27361,base.state_co_12,base.co
27372,JURADÓ,27372,base.state_co_12,base.co
27413,LLORÓ,27413,base.state_co_12,base.co
27425,MEDIO ATRATO (BETÉ),27425,base.state_co_12,base.co
27430,MEDIO BAUDÓ,27430,base.state_co_12,base.co
27450,MEDIO SAN JUAN (ANDAGOYA),27450,base.state_co_12,base.co
27491,NÓVITA,27491,base.state_co_12,base.co
27495,NUQUÍ,27495,base.state_co_12,base.co
27580,RÍO IRÓ (SANTA RITA),27580,base.state_co_12,base.co
27600,RÍO QUITO (PAIMADÓ),27600,base.state_co_12,base.co
27615,RIOSUCIO,27615,base.state_co_12,base.co
27660,SAN JOSÉ DEL PALMAR,27660,base.state_co_12,base.co
27745,SIPÍ,27745,base.state_co_12,base.co
27787,TADÓ,27787,base.state_co_12,base.co
27800,UNGUÍA,27800,base.state_co_12,base.co
27810,UNIÓN PANAMERICANA (LAS ÁNIMAS),27810,base.state_co_12,base.co
41001,NEIVA,41001,base.state_co_13,base.co
41006,ACEVEDO,41006,base.state_co_13,base.co
41013,AGRADO,41013,base.state_co_13,base.co
41016,AIPE,41016,base.state_co_13,base.co
41020,ALGECIRAS,41020,base.state_co_13,base.co
41026,ALTAMIRA,41026,base.state_co_13,base.co
41078,BARAYA,41078,base.state_co_13,base.co
41132,CAMPOALEGRE,41132,base.state_co_13,base.co
41206,COLOMBIA,41206,base.state_co_13,base.co
41244,ELÍAS,41244,base.state_co_13,base.co
41298,GARZÓN,41298,base.state_co_13,base.co
41306,GIGANTE,41306,base.state_co_13,base.co
41319,GUADALUPE,41319,base.state_co_13,base.co
41349,HOBO,41349,base.state_co_13,base.co
41357,ÍQUIRA,41357,base.state_co_13,base.co
41359,ISNOS,41359,base.state_co_13,base.co
41378,LA ARGENTINA (LA PLATA VIEJA),41378,base.state_co_13,base.co
41396,LA PLATA,41396,base.state_co_13,base.co
41483,NÁTAGA,41483,base.state_co_13,base.co
41503,OPORAPA,41503,base.state_co_13,base.co
41518,PAICOL,41518,base.state_co_13,base.co
41524,PALERMO,41524,base.state_co_13,base.co
41530,PALESTINA,41530,base.state_co_13,base.co
41548,PITAL,41548,base.state_co_13,base.co
41551,PITALITO,41551,base.state_co_13,base.co
41615,RIVERA,41615,base.state_co_13,base.co
41660,SALADOBLANCO,41660,base.state_co_13,base.co
41668,SAN AGUSTÍN,41668,base.state_co_13,base.co
41676,SANTA MARÍA,41676,base.state_co_13,base.co
41770,SUAZA,41770,base.state_co_13,base.co
41791,TARQUI,41791,base.state_co_13,base.co
41797,TESALIA (CARNICERÍAS),41797,base.state_co_13,base.co
41799,TELLO,41799,base.state_co_13,base.co
41801,TERUEL,41801,base.state_co_13,base.co
41807,TIMANÁ,41807,base.state_co_13,base.co
41872,VILLAVIEJA,41872,base.state_co_13,base.co
41885,YAGUARÁ,41885,base.state_co_13,base.co
44001,RIOHACHA,44001,base.state_co_14,base.co
44035,ALBANIA,44035,base.state_co_14,base.co
44078,BARRANCAS,44078,base.state_co_14,base.co
44090,DIBULLA,44090,base.state_co_14,base.co
44098,DISTRACCIÓN,44098,base.state_co_14,base.co
44110,EL MOLINO,44110,base.state_co_14,base.co
44279,FONSECA,44279,base.state_co_14,base.co
44378,HATONUEVO,44378,base.state_co_14,base.co
44420,LA JAGUA DEL PILAR,44420,base.state_co_14,base.co
44430,MAICAO,44430,base.state_co_14,base.co
44560,MANAURE,44560,base.state_co_14,base.co
44650,SAN JUAN DEL CESAR,44650,base.state_co_14,base.co
44847,URIBIA,44847,base.state_co_14,base.co
44855,URUMITA,44855,base.state_co_14,base.co
44874,VILLANUEVA,44874,base.state_co_14,base.co
47001,SANTA MARTA,47001,base.state_co_15,base.co
47030,ALGARROBO,47030,base.state_co_15,base.co
47053,ARACATACA,47053,base.state_co_15,base.co
47058,ARIGUANÍ,47058,base.state_co_15,base.co
47161,CERRO DE SAN ANTONIO,47161,base.state_co_15,base.co
47170,CHIBOLO,47170,base.state_co_15,base.co
47189,CIÉNAGA,47189,base.state_co_15,base.co
47205,CONCORDIA,47205,base.state_co_15,base.co
47245,EL BANCO,47245,base.state_co_15,base.co
47258,EL PIÑÓN,47258,base.state_co_15,base.co
47268,EL RETÉN,47268,base.state_co_15,base.co
47288,FUNDACIÓN,47288,base.state_co_15,base.co
47318,GUAMAL,47318,base.state_co_15,base.co
47460,NUEVA GRANADA,47460,base.state_co_15,base.co
47541,PEDRAZA,47541,base.state_co_15,base.co
47545,PIJIÑO DEL CARMEN,47545,base.state_co_15,base.co
47551,PIVIJAY,47551,base.state_co_15,base.co
47555,PLATO,47555,base.state_co_15,base.co
47570,PUEBLOVIEJO,47570,base.state_co_15,base.co
47605,REMOLINO,47605,base.state_co_15,base.co
47660,SABANAS DE SAN ÁNGEL,47660,base.state_co_15,base.co
47675,SALAMINA,47675,base.state_co_15,base.co
47692,SAN SEBASTIÁN DE BUENAVISTA,47692,base.state_co_15,base.co
47703,SAN ZENÓN,47703,base.state_co_15,base.co
47707,SANTA ANA,47707,base.state_co_15,base.co
47720,SANTA BÁRBARA DE PINTO,47720,base.state_co_15,base.co
47745,SITIONUEVO,47745,base.state_co_15,base.co
47798,TENERIFE,47798,base.state_co_15,base.co
47960,ZAPAYÁN,47960,base.state_co_15,base.co
47980,ZONA BANANERA,47980,base.state_co_15,base.co
50001,VILLAVICENCIO,50001,base.state_co_16,base.co
50006,ACACÍAS,50006,base.state_co_16,base.co
50110,BARRANCA DE UPÍA,50110,base.state_co_16,base.co
50124,CABUYARO,50124,base.state_co_16,base.co
50150,CASTILLA LA NUEVA,50150,base.state_co_16,base.co
50223,CUBARRAL,50223,base.state_co_16,base.co
50226,CUMARAL,50226,base.state_co_16,base.co
50245,EL CALVARIO,50245,base.state_co_16,base.co
50251,EL CASTILLO,50251,base.state_co_16,base.co
50270,EL DORADO,50270,base.state_co_16,base.co
50287,FUENTEDEORO,50287,base.state_co_16,base.co
50313,GRANADA,50313,base.state_co_16,base.co
50318,GUAMAL,50318,base.state_co_16,base.co
50325,MAPIRIPÁN,50325,base.state_co_16,base.co
50330,MESETAS,50330,base.state_co_16,base.co
50350,LA MACARENA,50350,base.state_co_16,base.co
50370,URIBE,50370,base.state_co_16,base.co
50400,LEJANÍAS,50400,base.state_co_16,base.co
50450,PUERTO CONCORDIA,50450,base.state_co_16,base.co
50568,PUERTO GAITÁN,50568,base.state_co_16,base.co
50573,PUERTO LÓPEZ,50573,base.state_co_16,base.co
50577,PUERTO LLERAS,50577,base.state_co_16,base.co
50590,PUERTO RICO,50590,base.state_co_16,base.co
50606,RESTREPO,50606,base.state_co_16,base.co
50680,SAN CARLOS DE GUAROA,50680,base.state_co_16,base.co
50683,SAN JUAN DE ARAMA,50683,base.state_co_16,base.co
50686,SAN JUANITO,50686,base.state_co_16,base.co
50689,SAN MARTÍN DE LOS LLANOS,50689,base.state_co_16,base.co
50711,VISTAHERMOSA,50711,base.state_co_16,base.co
52001,PASTO,52001,base.state_co_17,base.co
52019,ALBÁN (SAN JOSÉ),52019,base.state_co_17,base.co
52022,ALDANA,52022,base.state_co_17,base.co
52036,ANCUYÁ,52036,base.state_co_17,base.co
52051,ARBOLEDA,52051,base.state_co_17,base.co
52079,BARBACOAS,52079,base.state_co_17,base.co
52083,BELÉN,52083,base.state_co_17,base.co
52110,BUESACO,52110,base.state_co_17,base.co
52203,COLÓN (GÉNOVA),52203,base.state_co_17,base.co
52207,CONSACÁ,52207,base.state_co_17,base.co
52210,CONTADERO,52210,base.state_co_17,base.co
52215,CÓRDOBA,52215,base.state_co_17,base.co
52224,CUASPÚD,52224,base.state_co_17,base.co
52227,CUMBAL,52227,base.state_co_17,base.co
52233,CUMBITARA,52233,base.state_co_17,base.co
52240,CHACHAGÜÍ,52240,base.state_co_17,base.co
52250,EL CHARCO,52250,base.state_co_17,base.co
52254,EL PEÑOL,52254,base.state_co_17,base.co
52256,EL ROSARIO,52256,base.state_co_17,base.co
52258,EL TABLÓN DE GÓMEZ,52258,base.state_co_17,base.co
52260,EL TAMBO,52260,base.state_co_17,base.co
52287,FUNES,52287,base.state_co_17,base.co
52317,GUACHUCAL,52317,base.state_co_17,base.co
52320,GUAITARILLA,52320,base.state_co_17,base.co
52323,GUALMATÁN,52323,base.state_co_17,base.co
52352,ILES,52352,base.state_co_17,base.co
52354,IMUÉS,52354,base.state_co_17,base.co
52356,IPIALES,52356,base.state_co_17,base.co
52378,LA CRUZ,52378,base.state_co_17,base.co
52381,LA FLORIDA,52381,base.state_co_17,base.co
52385,LA LLANADA,52385,base.state_co_17,base.co
52390,LA TOLA,52390,base.state_co_17,base.co
52399,LA UNIÓN,52399,base.state_co_17,base.co
52405,LEIVA,52405,base.state_co_17,base.co
52411,LINARES,52411,base.state_co_17,base.co
52418,LOS ANDES (SOTOMAYOR),52418,base.state_co_17,base.co
52427,MAGÜÍ (PAYÁN),52427,base.state_co_17,base.co
52435,MALLAMA (PIEDRANCHA),52435,base.state_co_17,base.co
52473,MOSQUERA,52473,base.state_co_17,base.co
52480,NARIÑO,52480,base.state_co_17,base.co
52490,OLAYA HERRERA,52490,base.state_co_17,base.co
52506,OSPINA,52506,base.state_co_17,base.co
52520,FRANCISCO PIZARRO,52520,base.state_co_17,base.co
52540,POLICARPA,52540,base.state_co_17,base.co
52560,POTOSÍ,52560,base.state_co_17,base.co
52565,PROVIDENCIA,52565,base.state_co_17,base.co
52573,PUERRES,52573,base.state_co_17,base.co
52585,PUPIALES,52585,base.state_co_17,base.co
52612,RICAURTE,52612,base.state_co_17,base.co
52621,ROBERTO PAYÁN (SAN JOSÉ),52621,base.state_co_17,base.co
52678,SAMANIEGO,52678,base.state_co_17,base.co
52683,SANDONÁ,52683,base.state_co_17,base.co
52685,SAN BERNARDO,52685,base.state_co_17,base.co
52687,SAN LORENZO,52687,base.state_co_17,base.co
52693,SAN PABLO,52693,base.state_co_17,base.co
52694,SAN PEDRO DE CARTAGO,52694,base.state_co_17,base.co
52696,SANTA BÁRBARA,52696,base.state_co_17,base.co
52699,SANTACRUZ,52699,base.state_co_17,base.co
52720,SAPUYES,52720,base.state_co_17,base.co
52786,TAMINANGO,52786,base.state_co_17,base.co
52788,TANGUA,52788,base.state_co_17,base.co
52835,SAN ANDRÉS DE TUMACO,52835,base.state_co_17,base.co
52838,TÚQUERRES,52838,base.state_co_17,base.co
52885,YACUANQUER,52885,base.state_co_17,base.co
54001,CÚCUTA,54001,base.state_co_18,base.co
54003,ÁBREGO,54003,base.state_co_18,base.co
54051,ARBOLEDAS,54051,base.state_co_18,base.co
54099,BOCHALEMA,54099,base.state_co_18,base.co
54109,BUCARASICA,54109,base.state_co_18,base.co
54125,CÁCOTA DE VELASCO,54125,base.state_co_18,base.co
54128,CÁCHIRA,54128,base.state_co_18,base.co
54172,CHINÁCOTA,54172,base.state_co_18,base.co
54174,CHITAGÁ,54174,base.state_co_18,base.co
54206,CONVENCIÓN,54206,base.state_co_18,base.co
54223,CUCUTILLA,54223,base.state_co_18,base.co
54239,DURANIA,54239,base.state_co_18,base.co
54245,EL CARMEN,54245,base.state_co_18,base.co
54250,EL TARRA,54250,base.state_co_18,base.co
54261,EL ZULIA,54261,base.state_co_18,base.co
54313,GRAMALOTE,54313,base.state_co_18,base.co
54344,HACARÍ,54344,base.state_co_18,base.co
54347,HERRÁN,54347,base.state_co_18,base.co
54377,LABATECA,54377,base.state_co_18,base.co
54385,LA ESPERANZA,54385,base.state_co_18,base.co
54398,LA PLAYA DE BELÉN,54398,base.state_co_18,base.co
54405,LOS PATIOS,54405,base.state_co_18,base.co
54418,LOURDES,54418,base.state_co_18,base.co
54480,MUTISCUA,54480,base.state_co_18,base.co
54498,OCAÑA,54498,base.state_co_18,base.co
54518,PAMPLONA,54518,base.state_co_18,base.co
54520,PAMPLONITA,54520,base.state_co_18,base.co
54553,PUERTO SANTANDER,54553,base.state_co_18,base.co
54599,RAGONVALIA,54599,base.state_co_18,base.co
54660,SALAZAR DE LAS PALMAS,54660,base.state_co_18,base.co
54670,SAN CALIXTO,54670,base.state_co_18,base.co
54673,SAN CAYETANO,54673,base.state_co_18,base.co
54680,SANTIAGO,54680,base.state_co_18,base.co
54720,SARDINATA,54720,base.state_co_18,base.co
54743,SANTO DOMINGO DE SILOS,54743,base.state_co_18,base.co
54800,TEORAMA,54800,base.state_co_18,base.co
54810,TIBÚ,54810,base.state_co_18,base.co
54820,TOLEDO,54820,base.state_co_18,base.co
54871,VILLA CARO,54871,base.state_co_18,base.co
54874,VILLA DEL ROSARIO,54874,base.state_co_18,base.co
63001,ARMENIA,63001,base.state_co_19,base.co
63111,BUENAVISTA,63111,base.state_co_19,base.co
63130,CALARCÁ,63130,base.state_co_19,base.co
63190,CIRCASIA,63190,base.state_co_19,base.co
63212,CÓRDOBA,63212,base.state_co_19,base.co
63272,FILANDIA,63272,base.state_co_19,base.co
63302,GÉNOVA,63302,base.state_co_19,base.co
63401,LA TEBAIDA,63401,base.state_co_19,base.co
63470,MONTENEGRO,63470,base.state_co_19,base.co
63548,PIJAO,63548,base.state_co_19,base.co
63594,QUIMBAYA,63594,base.state_co_19,base.co
63690,SALENTO,63690,base.state_co_19,base.co
66001,PEREIRA,66001,base.state_co_20,base.co
66045,APÍA,66045,base.state_co_20,base.co
66075,BALBOA,66075,base.state_co_20,base.co
66088,BELÉN DE UMBRÍA,66088,base.state_co_20,base.co
66170,DOSQUEBRADAS,66170,base.state_co_20,base.co
66318,GUÁTICA,66318,base.state_co_20,base.co
66383,LA CELIA,66383,base.state_co_20,base.co
66400,LA VIRGINIA,66400,base.state_co_20,base.co
66440,MARSELLA,66440,base.state_co_20,base.co
66456,MISTRATÓ,66456,base.state_co_20,base.co
66572,PUEBLO RICO,66572,base.state_co_20,base.co
66594,QUINCHÍA,66594,base.state_co_20,base.co
66682,SANTA ROSA DE CABAL,66682,base.state_co_20,base.co
66687,SANTUARIO,66687,base.state_co_20,base.co
68001,BUCARAMANGA,68001,base.state_co_21,base.co
68013,AGUADA,68013,base.state_co_21,base.co
68020,ALBANIA,68020,base.state_co_21,base.co
68051,ARATOCA,68051,base.state_co_21,base.co
68077,BARBOSA,68077,base.state_co_21,base.co
68079,BARICHARA,68079,base.state_co_21,base.co
68081,BARRANCABERMEJA,68081,base.state_co_21,base.co
68092,BETULIA,68092,base.state_co_21,base.co
68101,BOLÍVAR,68101,base.state_co_21,base.co
68121,CABRERA,68121,base.state_co_21,base.co
68132,CALIFORNIA,68132,base.state_co_21,base.co
68147,CAPITANEJO,68147,base.state_co_21,base.co
68152,CARCASÍ,68152,base.state_co_21,base.co
68160,CEPITÁ,68160,base.state_co_21,base.co
68162,CERRITO,68162,base.state_co_21,base.co
68167,CHARALÁ,68167,base.state_co_21,base.co
68169,CHARTA,68169,base.state_co_21,base.co
68176,CHIMA,68176,base.state_co_21,base.co
68179,CHIPATÁ,68179,base.state_co_21,base.co
68190,CIMITARRA,68190,base.state_co_21,base.co
68207,CONCEPCIÓN,68207,base.state_co_21,base.co
68209,CONFINES,68209,base.state_co_21,base.co
68211,CONTRATACIÓN,68211,base.state_co_21,base.co
68217,COROMORO,68217,base.state_co_21,base.co
68229,CURITÍ,68229,base.state_co_21,base.co
68235,EL CARMEN DE CHUCURÍ,68235,base.state_co_21,base.co
68245,EL GUACAMAYO,68245,base.state_co_21,base.co
68250,EL PEÑÓN,68250,base.state_co_21,base.co
68255,EL PLAYÓN,68255,base.state_co_21,base.co
68264,ENCINO,68264,base.state_co_21,base.co
68266,ENCISO,68266,base.state_co_21,base.co
68271,FLORIÁN,68271,base.state_co_21,base.co
68276,FLORIDABLANCA,68276,base.state_co_21,base.co
68296,GALÁN,68296,base.state_co_21,base.co
68298,GÁMBITA,68298,base.state_co_21,base.co
68307,GIRÓN,68307,base.state_co_21,base.co
68318,GUACA,68318,base.state_co_21,base.co
68320,GUADALUPE,68320,base.state_co_21,base.co
68322,GUAPOTÁ,68322,base.state_co_21,base.co
68324,GUAVATÁ,68324,base.state_co_21,base.co
68327,GÜEPSA,68327,base.state_co_21,base.co
68344,HATO,68344,base.state_co_21,base.co
68368,JESÚS MARÍA,68368,base.state_co_21,base.co
68370,JORDÁN,68370,base.state_co_21,base.co
68377,LA BELLEZA,68377,base.state_co_21,base.co
68385,LANDÁZURI,68385,base.state_co_21,base.co
68397,LA PAZ,68397,base.state_co_21,base.co
68406,LEBRIJA,68406,base.state_co_21,base.co
68418,LOS SANTOS,68418,base.state_co_21,base.co
68425,MACARAVITA,68425,base.state_co_21,base.co
68432,MÁLAGA,68432,base.state_co_21,base.co
68444,MATANZA,68444,base.state_co_21,base.co
68464,MOGOTES,68464,base.state_co_21,base.co
68468,MOLAGAVITA,68468,base.state_co_21,base.co
68498,OCAMONTE,68498,base.state_co_21,base.co
68500,OIBA,68500,base.state_co_21,base.co
68502,ONZAGA,68502,base.state_co_21,base.co
68522,PALMAR,68522,base.state_co_21,base.co
68524,PALMAS DEL SOCORRO,68524,base.state_co_21,base.co
68533,PÁRAMO,68533,base.state_co_21,base.co
68547,PIEDECUESTA,68547,base.state_co_21,base.co
68549,PINCHOTE,68549,base.state_co_21,base.co
68572,PUENTE NACIONAL,68572,base.state_co_21,base.co
68573,PUERTO PARRA,68573,base.state_co_21,base.co
68575,PUERTO WILCHES,68575,base.state_co_21,base.co
68615,RIONEGRO,68615,base.state_co_21,base.co
68655,SABANA DE TORRES,68655,base.state_co_21,base.co
68669,SAN ANDRÉS,68669,base.state_co_21,base.co
68673,SAN BENITO,68673,base.state_co_21,base.co
68679,SAN GIL,68679,base.state_co_21,base.co
68682,SAN JOAQUÍN,68682,base.state_co_21,base.co
68684,SAN JOSÉ DE MIRANDA,68684,base.state_co_21,base.co
68686,SAN MIGUEL,68686,base.state_co_21,base.co
68689,SAN VICENTE DE CHUCURÍ,68689,base.state_co_21,base.co
68705,SANTA BÁRBARA,68705,base.state_co_21,base.co
68720,SANTA HELENA DEL OPÓN,68720,base.state_co_21,base.co
68745,SIMACOTA,68745,base.state_co_21,base.co
68755,SOCORRO,68755,base.state_co_21,base.co
68770,SUAITA,68770,base.state_co_21,base.co
68773,SUCRE,68773,base.state_co_21,base.co
68780,SURATÁ,68780,base.state_co_21,base.co
68820,TONA,68820,base.state_co_21,base.co
68855,VALLE DE SAN JOSÉ,68855,base.state_co_21,base.co
68861,VÉLEZ,68861,base.state_co_21,base.co
68867,VETAS,68867,base.state_co_21,base.co
68872,VILLANUEVA,68872,base.state_co_21,base.co
68895,ZAPATOCA,68895,base.state_co_21,base.co
70001,SINCELEJO,70001,base.state_co_22,base.co
70110,BUENAVISTA,70110,base.state_co_22,base.co
70124,CAIMITO,70124,base.state_co_22,base.co
70204,COLOSÓ,70204,base.state_co_22,base.co
70215,COROZAL,70215,base.state_co_22,base.co
70221,COVEÑAS,70221,base.state_co_22,base.co
70230,CHALÁN,70230,base.state_co_22,base.co
70233,EL ROBLE,70233,base.state_co_22,base.co
70235,GALERAS,70235,base.state_co_22,base.co
70265,GUARANDA,70265,base.state_co_22,base.co
70400,LA UNIÓN,70400,base.state_co_22,base.co
70418,LOS PALMITOS,70418,base.state_co_22,base.co
70429,MAJAGUAL,70429,base.state_co_22,base.co
70473,MORROA,70473,base.state_co_22,base.co
70508,OVEJAS,70508,base.state_co_22,base.co
70523,PALMITO,70523,base.state_co_22,base.co
70670,SAMPUÉS,70670,base.state_co_22,base.co
70678,SAN BENITO ABAD,70678,base.state_co_22,base.co
70702,SAN JUAN DE BETULIA,70702,base.state_co_22,base.co
70708,SAN MARCOS,70708,base.state_co_22,base.co
70713,SAN ONOFRE,70713,base.state_co_22,base.co
70717,SAN PEDRO,70717,base.state_co_22,base.co
70742,SAN LUIS DE SINCÉ,70742,base.state_co_22,base.co
70771,SUCRE,70771,base.state_co_22,base.co
70820,SANTIAGO DE TOLÚ,70820,base.state_co_22,base.co
70823,TOLÚ VIEJO,70823,base.state_co_22,base.co
73001,IBAGUÉ,73001,base.state_co_23,base.co
73024,ALPUJARRA,73024,base.state_co_23,base.co
73026,ALVARADO,73026,base.state_co_23,base.co
73030,AMBALEMA,73030,base.state_co_23,base.co
73043,ANZOÁTEGUI,73043,base.state_co_23,base.co
73055,ARMERO (GUAYABAL),73055,base.state_co_23,base.co
73067,ATACO,73067,base.state_co_23,base.co
73124,CAJAMARCA,73124,base.state_co_23,base.co
73148,CARMEN DE APICALÁ,73148,base.state_co_23,base.co
73152,CASABIANCA,73152,base.state_co_23,base.co
73168,CHAPARRAL,73168,base.state_co_23,base.co
73200,COELLO,73200,base.state_co_23,base.co
73217,COYAIMA,73217,base.state_co_23,base.co
73226,CUNDAY,73226,base.state_co_23,base.co
73236,DOLORES,73236,base.state_co_23,base.co
73268,ESPINAL,73268,base.state_co_23,base.co
73270,FALAN,73270,base.state_co_23,base.co
73275,FLANDES,73275,base.state_co_23,base.co
73283,FRESNO,73283,base.state_co_23,base.co
73319,GUAMO,73319,base.state_co_23,base.co
73347,HERVEO,73347,base.state_co_23,base.co
73349,HONDA,73349,base.state_co_23,base.co
73352,ICONONZO,73352,base.state_co_23,base.co
73408,LÉRIDA,73408,base.state_co_23,base.co
73411,LÍBANO,73411,base.state_co_23,base.co
73443,SAN SEBASTIÁN DE MARIQUITA,73443,base.state_co_23,base.co
73449,MELGAR,73449,base.state_co_23,base.co
73461,MURILLO,73461,base.state_co_23,base.co
73483,NATAGAIMA,73483,base.state_co_23,base.co
73504,ORTEGA,73504,base.state_co_23,base.co
73520,PALOCABILDO,73520,base.state_co_23,base.co
73547,PIEDRAS,73547,base.state_co_23,base.co
73555,PLANADAS,73555,base.state_co_23,base.co
73563,PRADO,73563,base.state_co_23,base.co
73585,PURIFICACIÓN,73585,base.state_co_23,base.co
73616,RIOBLANCO,73616,base.state_co_23,base.co
73622,RONCESVALLES,73622,base.state_co_23,base.co
73624,ROVIRA,73624,base.state_co_23,base.co
73671,SALDAÑA,73671,base.state_co_23,base.co
73675,SAN ANTONIO,73675,base.state_co_23,base.co
73678,SAN LUIS,73678,base.state_co_23,base.co
73686,SANTA ISABEL,73686,base.state_co_23,base.co
73770,SUÁREZ,73770,base.state_co_23,base.co
73854,VALLE DE SAN JUAN,73854,base.state_co_23,base.co
73861,VENADILLO,73861,base.state_co_23,base.co
73870,VILLAHERMOSA,73870,base.state_co_23,base.co
73873,VILLARRICA,73873,base.state_co_23,base.co
76001,CALI,76001,base.state_co_24,base.co
76020,ALCALÁ,76020,base.state_co_24,base.co
76036,ANDALUCÍA,76036,base.state_co_24,base.co
76041,ANSERMANUEVO,76041,base.state_co_24,base.co
76054,ARGELIA,76054,base.state_co_24,base.co
76100,BOLÍVAR,76100,base.state_co_24,base.co
76109,BUENAVENTURA,76109,base.state_co_24,base.co
76111,GUADALAJARA DE BUGA,76111,base.state_co_24,base.co
76113,BUGALAGRANDE,76113,base.state_co_24,base.co
76122,CAICEDONIA,76122,base.state_co_24,base.co
76126,CALIMA (DARIEN),76126,base.state_co_24,base.co
76130,CANDELARIA,76130,base.state_co_24,base.co
76147,CARTAGO,76147,base.state_co_24,base.co
76233,DAGUA,76233,base.state_co_24,base.co
76243,EL ÁGUILA,76243,base.state_co_24,base.co
76246,EL CAIRO,76246,base.state_co_24,base.co
76248,EL CERRITO,76248,base.state_co_24,base.co
76250,EL DOVIO,76250,base.state_co_24,base.co
76275,FLORIDA,76275,base.state_co_24,base.co
76306,GINEBRA,76306,base.state_co_24,base.co
76318,GUACARÍ,76318,base.state_co_24,base.co
76364,JAMUNDÍ,76364,base.state_co_24,base.co
76377,LA CUMBRE,76377,base.state_co_24,base.co
76400,LA UNIÓN,76400,base.state_co_24,base.co
76403,LA VICTORIA,76403,base.state_co_24,base.co
76497,OBANDO,76497,base.state_co_24,base.co
76520,PALMIRA,76520,base.state_co_24,base.co
76563,PRADERA,76563,base.state_co_24,base.co
76606,RESTREPO,76606,base.state_co_24,base.co
76616,RIOFRÍO,76616,base.state_co_24,base.co
76622,ROLDANILLO,76622,base.state_co_24,base.co
76670,SAN PEDRO,76670,base.state_co_24,base.co
76736,SEVILLA,76736,base.state_co_24,base.co
76823,TORO,76823,base.state_co_24,base.co
76828,TRUJILLO,76828,base.state_co_24,base.co
76834,TULUÁ,76834,base.state_co_24,base.co
76845,ULLOA,76845,base.state_co_24,base.co
76863,VERSALLES,76863,base.state_co_24,base.co
76869,VIJES,76869,base.state_co_24,base.co
76890,YOTOCO,76890,base.state_co_24,base.co
76892,YUMBO,76892,base.state_co_24,base.co
76895,ZARZAL,76895,base.state_co_24,base.co
81001,ARAUCA,81001,base.state_co_25,base.co
81065,ARAUQUITA,81065,base.state_co_25,base.co
81220,CRAVO NORTE,81220,base.state_co_25,base.co
81300,FORTUL,81300,base.state_co_25,base.co
81591,PUERTO RONDÓN,81591,base.state_co_25,base.co
81736,SARAVENA,81736,base.state_co_25,base.co
81794,TAME,81794,base.state_co_25,base.co
85001,YOPAL,85001,base.state_co_26,base.co
85010,AGUAZUL,85010,base.state_co_26,base.co
85015,CHÁMEZA,85015,base.state_co_26,base.co
85125,HATO COROZAL,85125,base.state_co_26,base.co
85136,LA SALINA,85136,base.state_co_26,base.co
85139,MANÍ,85139,base.state_co_26,base.co
85162,MONTERREY,85162,base.state_co_26,base.co
85225,NUNCHÍA,85225,base.state_co_26,base.co
85230,OROCUÉ,85230,base.state_co_26,base.co
85250,PAZ DE ARIPORO,85250,base.state_co_26,base.co
85263,PORE,85263,base.state_co_26,base.co
85279,RECETOR,85279,base.state_co_26,base.co
85300,SABANALARGA,85300,base.state_co_26,base.co
85315,SÁCAMA,85315,base.state_co_26,base.co
85325,SAN LUIS DE PALENQUE,85325,base.state_co_26,base.co
85400,TÁMARA,85400,base.state_co_26,base.co
85410,TAURAMENA,85410,base.state_co_26,base.co
85430,TRINIDAD,85430,base.state_co_26,base.co
85440,VILLANUEVA,85440,base.state_co_26,base.co
86001,MOCOA,86001,base.state_co_27,base.co
86219,COLÓN,86219,base.state_co_27,base.co
86320,ORITO,86320,base.state_co_27,base.co
86568,PUERTO ASÍS,86568,base.state_co_27,base.co
86569,PUERTO CAICEDO,86569,base.state_co_27,base.co
86571,PUERTO GUZMÁN,86571,base.state_co_27,base.co
86573,PUERTO LEGUÍZAMO,86573,base.state_co_27,base.co
86749,SIBUNDOY,86749,base.state_co_27,base.co
86755,SAN FRANCISCO,86755,base.state_co_27,base.co
86757,SAN MIGUEL,86757,base.state_co_27,base.co
86760,SANTIAGO,86760,base.state_co_27,base.co
86865,VALLE DEL GUAMUEZ,86865,base.state_co_27,base.co
86885,VILLAGARZÓN,86885,base.state_co_27,base.co
88001,SAN ANDRÉS,88001,base.state_co_28,base.co
88564,PROVIDENCIA,88564,base.state_co_28,base.co
91001,LETICIA,91001,base.state_co_29,base.co
91263,EL ENCANTO,91263,base.state_co_29,base.co
91405,LA CHORRERA,91405,base.state_co_29,base.co
91407,LA PEDRERA,91407,base.state_co_29,base.co
91430,LA VICTORIA,91430,base.state_co_29,base.co
91460,MIRITÍ – PARANÁ,91460,base.state_co_29,base.co
91530,PUERTO ALEGRÍA,91530,base.state_co_29,base.co
91536,PUERTO ARICA,91536,base.state_co_29,base.co
91540,PUERTO NARIÑO,91540,base.state_co_29,base.co
91669,PUERTO SANTANDER,91669,base.state_co_29,base.co
91798,TARAPACÁ,91798,base.state_co_29,base.co
94001,INÍRIDA,94001,base.state_co_30,base.co
94343,BARRANCOMINAS,94343,base.state_co_30,base.co
94663,MAPIRIPANA,94663,base.state_co_30,base.co
94883,SAN FELIPE,94883,base.state_co_30,base.co
94884,PUERTO COLOMBIA,94884,base.state_co_30,base.co
94885,LA GUADALUPE,94885,base.state_co_30,base.co
94886,CACAHUAL,94886,base.state_co_30,base.co
94887,PANA PANA,94887,base.state_co_30,base.co
94888,MORICHAL NUEVO,94888,base.state_co_30,base.co
95001,SAN JOSÉ DEL GUAVIARE,95001,base.state_co_31,base.co
95015,CALAMAR,95015,base.state_co_31,base.co
95025,EL RETORNO,95025,base.state_co_31,base.co
95200,MIRAFLORES,95200,base.state_co_31,base.co
97001,MITÚ,97001,base.state_co_32,base.co
97161,CARURÚ,97161,base.state_co_32,base.co
97511,PACOA,97511,base.state_co_32,base.co
97666,TARAIRA,97666,base.state_co_32,base.co
97777,PAPUNAHUA,97777,base.state_co_32,base.co
97889,YAVARATÉ,97889,base.state_co_32,base.co
99001,PUERTO CARREÑO,99001,base.state_co_33,base.co
99524,LA PRIMAVERA,99524,base.state_co_33,base.co
99624,SANTA ROSALÍA,99624,base.state_co_33,base.co
99773,CUMARIBO,99773,base.state_co_33,base.co
